StoreName,PhoneNo,Email,Lattitude,Longitude,Bill
Shahbaz Pharmacy,03128903290,shahbaz102@gmail.com,31.563382939075037,74.34689321032312,0
Muneeb Pharmacy,03149028764,Muneebsh@gmail.com,31.508981579786663,74.34606542566446,0
Burhan Pharmacy,03242390875,burhan1045@gmail.com,31.520564352189144,74.35880596799332,0
A1 Pharmacy,03139987320,A1@gmail.com,31.546138634606987,74.32691603915833,0
Ideal Pharmacy,03177767793,subhananjum001@gmail.com,32.177710641895764,74.20227199684841,0
Pharmacy One +,03127893674,naziraliashraf@gmail.com,31.509045608467197,74.3461083410074,0
Clinix Pharmacy,03247890327,umaraleem365@gmail.com,31.483009181010903,74.2979253082841,0
